,catboost,score,filter,isoforest,vae
fp precision,0.00019073486328125,0.17852783203125,3.814697265625e-05,0.00011444091796875,0.00026702880859375
tp precision,0.00072479248046875,0.0115966796875,7.62939453125e-05,7.62939453125e-05,0.0005340576171875
fp ef10,0.0003814697265625,0.1992034912109375,3.814697265625e-05,0.00011444091796875,0.00011444091796875
tp ef10,0.00125885009765625,0.00095367431640625,7.62939453125e-05,7.62939453125e-05,0.0005340576171875
fp bedroc,0.0026702880859375,0.00209808349609375,0.00026702880859375,7.62939453125e-05,0.00019073486328125
tp bedroc,3.814697265625e-05,0.0197601318359375,0.00011444091796875,7.62939453125e-05,0.00019073486328125
fp scaffold,0.0010944429864366589,0.24593353271484375,3.814697265625e-05,0.00026702880859375,0.00095367431640625
tp scaffold,4.999961853027344,5.0,5.0,5.0,5.0
