,fp rate,tp rate,time,fp precision,tp precision,fp ef10,tp ef10,fp bedroc,tp bedroc,fp scaffold,tp scaffold
0,0.5652435357787132,0.4347564642212868,2.1577396392822266,0.5744125326370757,0.4375,0.32468297094338616,0.19020595309681299,0.5790160023622153,0.39176041315057836,87.98955613577023,85.38761851645287
