,fp rate,tp rate,time,fp precision,tp precision,fp ef10,tp ef10,fp bedroc,tp bedroc,fp scaffold,tp scaffold
0,0.21621621621621623,0.7837837837837838,0.28237438201904297,0.23684210526315788,0.7894736842105263,0.051209103840682786,0.6187766714082503,0.28208942046770163,0.7222454965486826,76.3157894736842,87.5
