,fp rate,tp rate,time,fp precision,tp precision,fp ef10,tp ef10,fp bedroc,tp bedroc,fp scaffold,tp scaffold
0,0.48903508771929827,0.5109649122807017,1.1613469123840332,0.42560553633217996,0.48154093097913325,0.20813604079402662,0.24605051955732027,0.42974003417079126,0.4871070491094089,71.97231833910034,82.34349919743178
