,fp rate,tp rate,time,fp precision,tp precision,fp ef10,tp ef10,fp bedroc,tp bedroc,fp scaffold,tp scaffold
0,0.2929377350605934,0.7070622649394066,3.1441330909729004,0.2033096926713948,0.6607407407407407,0.05955708088702371,0.4671848446858894,0.19055978135714235,0.6607503067110627,75.177304964539,83.31226295828066
