,fp rate,tp rate,time,fp precision,tp precision,fp ef10,tp ef10,fp bedroc,tp bedroc,fp scaffold,tp scaffold
0,0.1590909090909091,0.8409090909090909,1.9244425296783447,0.23863636363636365,0.8478260869565217,0.03796487603305785,0.7129446640316206,0.2463174799649416,0.879736360373355,71.5909090909091,66.10671936758894
