,fp rate,tp rate,time,fp precision,tp precision,fp ef10,tp ef10,fp bedroc,tp bedroc,fp scaffold,tp scaffold
0,0.7640941434044882,0.23590585659551178,2.918951988220215,0.585635359116022,0.21628189550425272,0.4474805480711367,0.051022165825031704,0.618914963391326,0.23952829569967493,96.13259668508287,91.79829890643985
