,fp rate,tp rate,time,fp precision,tp precision,fp ef10,tp ef10,fp bedroc,tp bedroc,fp scaffold,tp scaffold
0,0.1154394299287411,0.8845605700712589,3.0602056980133057,0.09624413145539906,0.8796902918403812,0.011110367669198087,0.7781393460364796,0.07197962251518143,0.8760721724710135,57.74647887323944,60.0357355568791
