,fp rate,tp rate,time,fp precision,tp precision,fp ef10,tp ef10,fp bedroc,tp bedroc,fp scaffold,tp scaffold
0,0.4730878186968839,0.5269121813031161,1.3599762916564941,0.35507246376811596,0.47330960854092524,0.16798045736338632,0.24939259826802293,0.39585703888197954,0.49995956657362634,82.2463768115942,79.01033170201197
