,fp rate,tp rate,time,fp precision,tp precision,fp ef10,tp ef10,fp bedroc,tp bedroc,fp scaffold,tp scaffold
0,0.4845869297163995,0.5154130702836005,1.0148613452911377,0.3605015673981191,0.4349593495934959,0.1746943477034042,0.22418373382254167,0.2372732311859482,0.3513347704172916,80.56426332288402,77.08470124753775
