,fp rate,tp rate,time,fp precision,tp precision,fp ef10,tp ef10,fp bedroc,tp bedroc,fp scaffold,tp scaffold
0,0.4802804557405784,0.5197195442594216,1.6002061367034912,0.4051094890510949,0.48576214405360135,0.19456617002629273,0.2524600801260172,0.42593647530547984,0.37010029775399855,81.75182481751825,89.05109489051095
