,fp rate,tp rate,time,fp precision,tp precision,fp ef10,tp ef10,fp bedroc,tp bedroc,fp scaffold,tp scaffold
0,0.5652435357787132,0.4347564642212868,2.8421106338500977,0.4731182795698925,0.42929936305732486,0.26742704918562776,0.18664067317525307,0.5240070035390704,0.3740346474537845,84.94623655913979,86.11464968152866
