,fp rate,tp rate,time,fp precision,tp precision,fp ef10,tp ef10,fp bedroc,tp bedroc,fp scaffold,tp scaffold
0,0.7067108533554267,0.2932891466445733,2.5088322162628174,0.6829268292682927,0.29155555555555557,0.482631802291511,0.08551008008837338,0.6257291581841642,0.5360200917923188,58.53658536585366,63.82222222222222
