,fp rate,tp rate,time,fp precision,tp precision,fp ef10,tp ef10,fp bedroc,tp bedroc,fp scaffold,tp scaffold
0,0.7915966386554621,0.20840336134453785,2.243568181991577,0.6724137931034483,0.20229681978798586,0.532280498406259,0.04215933723312647,0.6791089936065592,0.23784510793590885,89.65517241379311,84.2756183745583
