,fp rate,tp rate,time,fp precision,tp precision,fp ef10,tp ef10,fp bedroc,tp bedroc,fp scaffold,tp scaffold
0,0.5113573407202217,0.48864265927977835,2.9287211894989014,0.47766323024054985,0.4821664464993395,0.24425659917563852,0.23560709463291823,0.5148212781642122,0.4710470578114345,70.10309278350516,81.57199471598415
