,fp rate,tp rate,time,fp precision,tp precision,fp ef10,tp ef10,fp bedroc,tp bedroc,fp scaffold,tp scaffold
0,0.32430143945808637,0.6756985605419137,1.7537868022918701,0.4153846153846154,0.686964795432921,0.13470982869797435,0.4641811234169949,0.3894220316422086,0.6461911261259315,84.61538461538461,67.84015223596575
