,fp rate,tp rate,time,fp precision,tp precision,fp ef10,tp ef10,fp bedroc,tp bedroc,fp scaffold,tp scaffold
0,0.8126361655773421,0.18736383442265792,2.2085797786712646,0.8979591836734694,0.19390148553557468,0.7297141078653684,0.03633012583019482,0.82624405905797,0.2708796110491622,88.77551020408163,79.98436278342454
