,fp rate,tp rate,time,fp precision,tp precision,fp ef10,tp ef10,fp bedroc,tp bedroc,fp scaffold,tp scaffold
0,0.9141494435612083,0.08585055643879169,2.054267406463623,0.9090909090909091,0.08557046979865772,0.8310449486920075,0.007346272446943588,0.8895676739325208,0.06455053546569488,95.45454545454545,86.74496644295301
