,fp rate,tp rate,time,fp precision,tp precision,fp ef10,tp ef10,fp bedroc,tp bedroc,fp scaffold,tp scaffold
0,0.21364653243847875,0.7863534675615212,1.77337646484375,0.2222222222222222,0.7867132867132867,0.04747700720855083,0.6186347209837142,0.2184578625467638,0.7589613536141241,83.33333333333333,80.65268065268066
